train_code,station_code,platform_number,arrival_time,departure_time,halt_duration,platform_type
28118,MRT,1,2025-09-01 04:15:00,2025-09-01 04:15:00,30,Side
30963,MRT,1,2025-09-01 06:45:00,2025-09-01 06:45:00,25,Bay
20187,MRT,1,2025-09-01 07:00:00,2025-09-01 07:00:00,45,Side
45711,MRT,1,2025-09-01 10:00:00,2025-09-01 10:00:00,25,Island
30963,CSN,1,2025-09-01 12:20:41,2025-09-01 12:25:41,5,Side
28118,CSN,1,2025-09-01 14:10:20,2025-09-01 14:18:20,8,Island
20187,CSN,1,2025-09-01 15:19:39,2025-09-01 15:31:39,12,Island
45711,CSN,1,2025-09-01 20:39:47,2025-09-01 20:44:47,5,Bay
30963,EXX,1,2025-09-01 19:10:56,2025-09-01 19:20:56,10,Side
45711,EXX,1,2025-09-02 11:01:06,2025-09-02 11:11:06,10,Island
28118,TXT,1,2025-09-01 16:30:05,2025-09-01 16:35:05,5,Side
20187,TXT,1,2025-09-01 17:54:02,2025-09-01 18:02:02,8,Island
30963,TXT,1,2025-09-02 02:56:41,2025-09-02 02:59:41,3,Island
45711,TXT,1,2025-09-03 02:30:44,2025-09-03 02:33:44,3,Island
28118,KFI,1,2025-09-01 17:15:50,2025-09-01 17:23:50,8,Island
30963,KFI,1,2025-09-02 03:24:09,2025-09-02 03:29:09,5,Island
45711,KFI,1,2025-09-03 03:18:39,2025-09-03 03:23:39,5,Bay
28118,LTC,1,2025-09-01 22:40:14,2025-09-01 22:45:14,5,Bay
30963,LTC,1,2025-09-02 06:40:45,2025-09-02 06:43:45,3,Bay
39275,LTC,1,2025-09-02 20:47:19,2025-09-02 20:52:19,5,Bay
83716,LTC,1,2025-09-02 23:05:18,2025-09-02 23:10:18,5,Bay
45711,LTC,1,2025-09-03 07:40:55,2025-09-03 07:43:55,3,Side
24552,KXK,1,2025-09-01 06:00:00,2025-09-01 06:00:00,15,Side
98660,KXK,1,2025-09-01 20:45:00,2025-09-01 20:45:00,10,Bay
83942,KXK,1,2025-09-03 22:43:27,2025-09-03 23:05:27,22,Bay
65996,HZP,1,2025-09-01 06:45:00,2025-09-01 06:45:00,10,Island
89195,HZP,1,2025-09-01 20:15:00,2025-09-01 20:15:00,10,Bay
65996,YDJ,1,2025-09-01 18:05:33,2025-09-01 18:05:33,0,Island
89195,YDJ,1,2025-09-02 09:00:37,2025-09-02 09:00:37,0,Island
65996,PPB,1,2025-09-01 18:43:44,2025-09-01 18:48:44,5,Island
25536,SCB,1,2025-09-01 02:45:00,2025-09-01 02:45:00,45,Island
48546,SCB,1,2025-09-01 04:30:00,2025-09-01 04:30:00,30,Island
83942,SCB,1,2025-09-01 13:30:00,2025-09-01 13:30:00,30,Side
37426,SCB,1,2025-09-01 17:45:00,2025-09-01 17:45:00,25,Side
48065,OZR,1,2025-09-01 02:15:00,2025-09-01 02:15:00,18,Side
83942,OZR,1,2025-09-01 16:05:48,2025-09-01 16:23:48,18,Side
37426,OZR,1,2025-09-01 19:33:30,2025-09-01 19:48:30,15,Island
25536,QFP,1,2025-09-01 04:57:32,2025-09-01 05:15:32,18,Bay
48546,QFP,1,2025-09-01 07:28:36,2025-09-01 07:40:36,12,Island
24552,QFP,1,2025-09-01 18:37:37,2025-09-01 18:45:37,8,Side
83942,QFP,1,2025-09-01 20:49:54,2025-09-01 21:01:54,12,Island
37426,QFP,1,2025-09-01 22:29:28,2025-09-01 22:39:28,10,Island
98660,QFP,1,2025-09-02 14:41:34,2025-09-02 14:46:34,5,Side
25536,OXM,1,2025-09-01 05:37:49,2025-09-01 05:45:49,8,Bay
48546,OXM,1,2025-09-01 08:10:34,2025-09-01 08:15:34,5,Island
24552,OXM,1,2025-09-01 10:15:55,2025-09-01 10:17:55,2,Bay
83942,OXM,1,2025-09-01 21:35:59,2025-09-01 21:40:59,5,Bay
37426,OXM,1,2025-09-01 22:59:59,2025-09-01 23:02:59,3,Island
98660,OXM,1,2025-09-02 00:20:51,2025-09-02 00:20:51,0,Bay
45056,CPX,1,2025-09-01 05:30:00,2025-09-01 05:30:00,25,Side
94094,CPX,1,2025-09-01 05:45:00,2025-09-01 05:45:00,15,Side
19805,CPX,1,2025-09-01 17:45:00,2025-09-01 17:45:00,20,Bay
62940,CPX,1,2025-09-01 19:30:00,2025-09-01 19:30:00,30,Bay
38566,CPX,1,2025-09-01 22:30:00,2025-09-01 22:30:00,25,Island
77617,CPX,1,2025-09-01 23:15:00,2025-09-01 23:15:00,20,Bay
45056,AVX,1,2025-09-01 08:17:31,2025-09-01 08:22:31,5,Side
94094,AVX,1,2025-09-01 08:47:39,2025-09-01 08:47:39,0,Island
62940,AVX,1,2025-09-01 21:01:19,2025-09-01 21:09:19,8,Island
19805,AVX,2,2025-09-01 21:07:06,2025-09-01 21:10:06,3,Island
38566,AVX,1,2025-09-02 00:27:08,2025-09-02 00:32:08,5,Island
77617,AVX,1,2025-09-02 01:26:52,2025-09-02 01:29:52,3,Side
94094,UWE,1,2025-09-01 14:38:31,2025-09-01 14:43:31,5,Bay
15640,UWE,1,2025-09-01 17:30:41,2025-09-01 17:38:41,8,Island
50015,UWE,1,2025-09-01 18:10:51,2025-09-01 18:18:51,8,Bay
62940,UWE,1,2025-09-01 23:55:39,2025-09-02 00:07:39,12,Side
19805,UWE,1,2025-09-02 01:41:09,2025-09-02 01:49:09,8,Island
83716,UWE,1,2025-09-02 04:10:50,2025-09-02 04:22:50,12,Side
38566,UWE,1,2025-09-02 04:37:57,2025-09-02 04:47:57,10,Bay
77617,UWE,1,2025-09-02 04:49:01,2025-09-02 04:57:01,8,Island
94094,EEF,1,2025-09-01 15:29:24,2025-09-01 15:29:24,0,Side
15640,EEF,1,2025-09-01 18:29:57,2025-09-01 18:31:57,2,Bay
62940,EEF,1,2025-09-02 00:51:14,2025-09-02 00:56:14,5,Side
83716,EEF,1,2025-09-02 05:02:53,2025-09-02 05:07:53,5,Bay
38566,EEF,1,2025-09-02 05:25:40,2025-09-02 05:28:40,3,Side
77617,EEF,1,2025-09-02 05:46:37,2025-09-02 05:48:37,2,Side
94094,PQN,1,2025-09-01 18:25:58,2025-09-01 18:30:58,5,Island
48065,PQN,1,2025-09-01 18:46:34,2025-09-01 18:58:34,12,Bay
69737,PQN,1,2025-09-01 22:34:59,2025-09-01 22:44:59,10,Side
62940,PQN,1,2025-09-02 03:16:50,2025-09-02 03:28:50,12,Side
77617,PQN,1,2025-09-02 08:14:50,2025-09-02 08:22:50,8,Side
38566,PQN,2,2025-09-02 08:18:11,2025-09-02 08:28:11,10,Side
83716,ZYP,1,2025-09-02 03:36:33,2025-09-02 03:44:33,8,Side
62940,ZYP,1,2025-09-02 05:20:26,2025-09-02 05:28:26,8,Bay
38566,ZYP,1,2025-09-02 10:19:20,2025-09-02 10:24:20,5,Bay
77617,ZYP,2,2025-09-02 10:23:32,2025-09-02 10:26:32,3,Island
50015,AJM,1,2025-09-01 05:45:00,2025-09-01 05:45:00,15,Side
22953,AJM,1,2025-09-01 09:45:00,2025-09-01 09:45:00,30,Side
39275,AJM,1,2025-09-01 10:00:00,2025-09-01 10:00:00,22,Island
15640,AJM,1,2025-09-01 17:00:00,2025-09-01 17:00:00,15,Side
83716,AJM,1,2025-09-01 18:15:00,2025-09-01 18:15:00,22,Island
62940,AJM,1,2025-09-02 10:45:32,2025-09-02 11:07:32,22,Bay
69737,ARY,1,2025-09-01 20:00:00,2025-09-01 20:00:00,15,Bay
48065,WEI,1,2025-09-01 18:20:49,2025-09-01 18:28:49,8,Island
69737,WEI,1,2025-09-01 23:00:08,2025-09-01 23:05:08,5,Bay
62940,WEI,1,2025-09-02 07:07:47,2025-09-02 07:15:47,8,Side
50015,ZTM,1,2025-09-01 09:01:45,2025-09-01 09:04:45,3,Side
48065,ZTM,1,2025-09-01 17:35:05,2025-09-01 17:43:05,8,Island
69737,ZTM,1,2025-09-01 23:34:34,2025-09-01 23:39:34,5,Island
62940,ZTM,1,2025-09-02 07:57:26,2025-09-02 08:05:26,8,Side
48065,XGL,1,2025-09-01 15:59:28,2025-09-01 16:04:28,5,Bay
69737,XGL,1,2025-09-02 01:05:02,2025-09-02 01:08:02,3,Side
48065,IVA,1,2025-09-01 04:02:21,2025-09-01 04:14:21,12,Island
39275,IVA,1,2025-09-01 22:09:47,2025-09-01 22:21:47,12,Bay
83942,IVA,1,2025-09-02 08:40:55,2025-09-02 08:52:55,12,Bay
48065,TUJ,1,2025-09-01 06:55:56,2025-09-01 07:07:56,12,Island
83942,TUJ,1,2025-09-02 23:05:36,2025-09-02 23:17:36,12,Side
48065,DQD,1,2025-09-01 09:34:26,2025-09-01 09:39:26,5,Side
22953,DQD,1,2025-09-01 11:54:15,2025-09-01 12:02:15,8,Island
39275,DQD,1,2025-09-01 13:27:39,2025-09-01 13:32:39,5,Side
83716,DQD,1,2025-09-01 21:52:59,2025-09-01 21:57:59,5,Island
83942,DQD,1,2025-09-03 07:38:12,2025-09-03 07:43:12,5,Side
48065,MQV,1,2025-09-01 13:06:45,2025-09-01 13:11:45,5,Island
83942,MQV,1,2025-09-03 00:41:12,2025-09-03 00:46:12,5,Bay
22953,JQY,1,2025-09-01 14:43:22,2025-09-01 14:55:22,12,Bay
48065,JQY,2,2025-09-01 14:46:52,2025-09-01 14:54:52,8,Bay
39275,JQY,1,2025-09-01 18:12:06,2025-09-01 18:20:06,8,Island
50015,QEA,1,2025-09-01 13:39:33,2025-09-01 13:41:33,2,Island
22953,QEA,1,2025-09-01 14:04:00,2025-09-01 14:12:00,8,Bay
48065,QEA,1,2025-09-01 15:25:47,2025-09-01 15:30:47,5,Side
39275,QEA,1,2025-09-01 17:19:11,2025-09-01 17:24:11,5,Bay
28118,ZWM,1,2025-09-02 00:45:09,2025-09-02 00:50:09,5,Island
28118,WEQ,1,2025-09-02 09:11:27,2025-09-02 09:19:27,8,Bay
62940,WEQ,1,2025-09-02 17:08:47,2025-09-02 17:16:47,8,Bay
39275,DID,1,2025-09-02 05:24:12,2025-09-02 05:36:12,12,Island
83716,DID,1,2025-09-02 14:44:45,2025-09-02 14:56:45,12,Bay
39275,UKW,1,2025-09-02 07:09:14,2025-09-02 07:17:14,8,Side
83716,UKW,1,2025-09-02 16:25:33,2025-09-02 16:33:33,8,Island
39275,QXU,1,2025-09-02 07:57:05,2025-09-02 08:09:05,12,Island
83716,QXU,1,2025-09-02 17:14:28,2025-09-02 17:26:28,12,Island
39275,VKX,1,2025-09-02 16:53:44,2025-09-02 17:01:44,8,Island
83716,VKX,1,2025-09-02 19:39:53,2025-09-02 19:47:53,8,Side
39275,XVD,1,2025-09-02 11:03:44,2025-09-02 11:11:44,8,Side
83942,XVD,1,2025-09-02 12:13:31,2025-09-02 12:21:31,8,Island
89195,BBJ,1,2025-09-02 04:34:18,2025-09-02 04:34:18,0,Bay
98660,BBJ,1,2025-09-02 07:24:37,2025-09-02 07:24:37,0,Bay
24552,ESS,1,2025-09-02 01:31:59,2025-09-02 01:39:59,8,Side
89195,ESS,1,2025-09-02 06:09:35,2025-09-02 06:14:35,5,Bay
98660,ESS,1,2025-09-02 21:25:15,2025-09-02 21:30:15,5,Bay
83942,FFP,1,2025-09-02 03:35:50,2025-09-02 03:40:50,5,Bay
81217,TZU,1,2025-09-01 07:00:00,2025-09-01 07:00:00,5,Side
41527,TZU,1,2025-09-01 07:15:00,2025-09-01 07:15:00,18,Bay
75315,TZU,1,2025-09-01 18:30:00,2025-09-01 18:30:00,5,Island
45565,TZU,1,2025-09-02 06:46:32,2025-09-02 06:56:32,10,Bay
41527,ZSH,1,2025-09-01 08:19:42,2025-09-01 08:31:42,12,Bay
81217,ZSH,2,2025-09-01 08:29:56,2025-09-01 08:29:56,0,Side
75315,ZSH,1,2025-09-01 19:48:02,2025-09-01 19:48:02,0,Bay
45565,ZSH,1,2025-09-02 09:37:37,2025-09-02 09:42:37,5,Island
41527,WKK,1,2025-09-01 09:53:43,2025-09-01 10:11:43,18,Bay
81217,WKK,2,2025-09-01 10:02:29,2025-09-01 10:07:29,5,Bay
86852,WKK,1,2025-09-01 12:42:37,2025-09-01 13:00:37,18,Bay
75315,WKK,1,2025-09-01 21:28:41,2025-09-01 21:33:41,5,Bay
87395,WKK,1,2025-09-02 03:11:48,2025-09-02 03:19:48,8,Island
41527,SFP,1,2025-09-01 10:40:04,2025-09-01 10:58:04,18,Bay
81217,SFP,2,2025-09-01 10:43:14,2025-09-01 10:48:14,5,Side
75315,SFP,1,2025-09-01 22:18:41,2025-09-01 22:23:41,5,Island
87395,SFP,1,2025-09-02 06:02:26,2025-09-02 06:10:26,8,Island
26009,QOU,1,2025-09-01 19:01:17,2025-09-01 19:16:17,15,Bay
70743,XWW,1,2025-09-01 23:15:00,2025-09-01 23:15:00,12,Island
70743,HKK,1,2025-09-01 23:28:51,2025-09-01 23:33:51,5,Side
70743,LBB,1,2025-09-02 00:26:21,2025-09-02 00:31:21,5,Island
23039,LBB,1,2025-09-02 01:33:02,2025-09-02 01:36:02,3,Island
23039,AWS,1,2025-09-02 00:55:59,2025-09-02 01:00:59,5,Bay
70743,AWS,1,2025-09-02 01:12:53,2025-09-02 01:20:53,8,Side
80704,HVR,1,2025-09-01 03:00:00,2025-09-01 03:00:00,8,Side
72871,HVR,1,2025-09-01 06:30:00,2025-09-01 06:30:00,12,Bay
22376,HVR,1,2025-09-01 16:53:31,2025-09-01 17:01:31,8,Island
46160,HVR,1,2025-09-01 19:00:00,2025-09-01 19:00:00,3,Bay
23039,HVR,1,2025-09-01 22:15:00,2025-09-01 22:15:00,5,Side
42287,FMG,1,2025-09-01 06:30:00,2025-09-01 06:30:00,10,Side
79907,FMG,1,2025-09-01 06:45:00,2025-09-01 06:45:00,8,Bay
41332,FMG,1,2025-09-01 13:45:00,2025-09-01 13:45:00,8,Island
32532,FMG,1,2025-09-01 20:00:00,2025-09-01 20:00:00,5,Island
86852,XFE,1,2025-09-01 09:30:00,2025-09-01 09:30:00,18,Side
41527,XFE,1,2025-09-01 12:40:30,2025-09-01 12:58:30,18,Bay
81217,XFE,1,2025-09-01 13:19:41,2025-09-01 13:24:41,5,Bay
87395,XFE,1,2025-09-01 23:45:00,2025-09-01 23:45:00,8,Bay
86852,LNT,1,2025-09-01 10:32:43,2025-09-01 10:44:43,12,Side
41527,LNT,1,2025-09-01 13:54:33,2025-09-01 14:06:33,12,Side
87395,LNT,1,2025-09-02 00:49:55,2025-09-02 00:52:55,3,Bay
45565,RXK,1,2025-09-01 20:45:00,2025-09-01 20:45:00,10,Island
45565,UCA,1,2025-09-02 00:32:05,2025-09-02 00:42:05,10,Bay
19474,MKC,1,2025-09-01 03:30:00,2025-09-01 03:30:00,12,Island
92064,MKC,1,2025-09-01 11:00:52,2025-09-01 11:10:52,10,Island
36772,MKC,1,2025-09-01 13:00:00,2025-09-01 13:00:00,8,Bay
19474,KHT,1,2025-09-01 03:43:23,2025-09-01 03:48:23,5,Bay
98008,KHT,1,2025-09-01 04:11:12,2025-09-01 04:19:12,8,Island
42287,KHT,1,2025-09-01 07:39:58,2025-09-01 07:42:58,3,Side
92064,KHT,1,2025-09-01 10:43:27,2025-09-01 10:46:27,3,Island
36772,KHT,1,2025-09-01 13:22:42,2025-09-01 13:24:42,2,Side
19474,IXJ,1,2025-09-01 04:22:09,2025-09-01 04:27:09,5,Island
42287,IXJ,1,2025-09-01 08:13:51,2025-09-01 08:16:51,3,Bay
92064,IXJ,1,2025-09-01 11:28:17,2025-09-01 11:31:17,3,Bay
36772,IXJ,1,2025-09-01 14:08:35,2025-09-01 14:10:35,2,Side
98008,JDC,1,2025-09-01 03:00:00,2025-09-01 03:00:00,12,Bay
19474,JDC,1,2025-09-01 05:24:13,2025-09-01 05:32:13,8,Side
92064,JDC,1,2025-09-01 09:45:00,2025-09-01 09:45:00,5,Side
36772,JDC,1,2025-09-01 15:16:29,2025-09-01 15:19:29,3,Bay
38665,IXO,1,2025-09-01 05:30:00,2025-09-01 05:30:00,18,Side
35776,IXO,1,2025-09-01 07:25:50,2025-09-01 07:33:50,8,Side
80704,IXO,1,2025-09-01 14:26:04,2025-09-01 14:38:04,12,Island
74391,IXO,1,2025-09-01 16:30:00,2025-09-01 16:30:00,18,Island
38665,GFA,1,2025-09-01 05:50:57,2025-09-01 06:08:57,18,Island
80704,GFA,1,2025-09-01 07:22:25,2025-09-01 07:34:25,12,Island
35776,GFA,1,2025-09-01 14:02:05,2025-09-01 14:10:05,8,Island
74391,GFA,1,2025-09-01 17:15:32,2025-09-01 17:33:32,18,Bay
22376,GFA,1,2025-09-01 18:38:45,2025-09-01 18:50:45,12,Side
80704,EAC,1,2025-09-01 05:46:40,2025-09-01 05:54:40,8,Bay
38665,EAC,1,2025-09-01 06:36:03,2025-09-01 06:48:03,12,Island
72871,EAC,1,2025-09-01 09:27:26,2025-09-01 09:39:26,12,Bay
22376,EAC,1,2025-09-01 17:58:14,2025-09-01 18:06:14,8,Bay
74391,EAC,1,2025-09-01 18:24:26,2025-09-01 18:36:26,12,Bay
80704,VUG,1,2025-09-01 06:13:08,2025-09-01 06:25:08,12,Side
74391,VUG,1,2025-09-01 18:55:49,2025-09-01 19:13:49,18,Island
80704,HGD,1,2025-09-01 05:11:50,2025-09-01 05:23:50,12,Island
72871,HGD,1,2025-09-01 08:39:41,2025-09-01 08:57:41,18,Side
22376,HGD,1,2025-09-01 15:35:13,2025-09-01 15:47:13,12,Side
74391,HGD,1,2025-09-01 19:56:40,2025-09-01 20:14:40,18,Bay
46160,HGD,1,2025-09-01 22:20:23,2025-09-01 22:28:23,8,Island
80704,VZB,1,2025-09-01 04:42:04,2025-09-01 04:54:04,12,Bay
72871,VZB,1,2025-09-01 08:02:23,2025-09-01 08:20:23,18,Side
22376,VZB,1,2025-09-01 15:59:35,2025-09-01 16:11:35,12,Bay
74391,VZB,1,2025-09-01 20:35:01,2025-09-01 20:53:01,18,Island
46160,VZB,1,2025-09-01 21:36:53,2025-09-01 21:44:53,8,Island
23039,VZB,1,2025-09-01 23:12:11,2025-09-01 23:22:11,10,Side
80704,KYU,1,2025-09-01 03:52:04,2025-09-01 04:00:04,8,Island
72871,KYU,1,2025-09-01 07:07:57,2025-09-01 07:19:57,12,Island
22376,KYU,1,2025-09-01 15:15:00,2025-09-01 15:15:00,8,Side
35243,KYU,1,2025-09-01 18:15:00,2025-09-01 18:15:00,0,Bay
46160,KYU,1,2025-09-01 20:12:13,2025-09-01 20:15:13,3,Bay
74391,KYU,1,2025-09-01 21:38:59,2025-09-01 21:50:59,12,Side
23039,KYU,1,2025-09-01 22:43:44,2025-09-01 22:48:44,5,Island
26009,UOI,1,2025-09-01 16:45:00,2025-09-01 16:45:00,15,Island
26009,MFG,1,2025-09-01 20:20:52,2025-09-01 20:25:52,5,Bay
26009,NCQ,1,2025-09-01 21:30:25,2025-09-01 21:35:25,5,Side
26009,BPA,1,2025-09-01 23:24:08,2025-09-01 23:29:08,5,Island
79907,OVZ,1,2025-09-01 09:11:40,2025-09-01 09:19:40,8,Side
32532,OVZ,1,2025-09-01 21:53:07,2025-09-01 21:58:07,5,Bay
26009,OVZ,1,2025-09-02 00:44:33,2025-09-02 00:54:33,10,Bay
42287,KKU,1,2025-09-01 06:57:28,2025-09-01 07:00:28,3,Side
79907,KKU,1,2025-09-01 07:18:16,2025-09-01 07:20:16,2,Island
92064,KKU,1,2025-09-01 12:06:04,2025-09-01 12:09:04,3,Island
32532,KKU,1,2025-09-01 20:28:30,2025-09-01 20:28:30,0,Side
98008,QDS,1,2025-09-01 03:18:26,2025-09-01 03:36:26,18,Side
19474,QDS,1,2025-09-01 05:50:28,2025-09-01 06:02:28,12,Side
92064,QDS,1,2025-09-01 09:57:08,2025-09-01 10:07:08,10,Island
19474,EFT,1,2025-09-01 07:11:32,2025-09-01 07:16:32,5,Side
19474,VKZ,1,2025-09-01 07:30:36,2025-09-01 07:42:36,12,Side
19474,MXI,1,2025-09-01 08:37:04,2025-09-01 08:42:04,5,Island
19474,QXH,1,2025-09-01 09:19:27,2025-09-01 09:27:27,8,Side
80704,EWT,1,2025-09-01 11:24:55,2025-09-01 11:32:55,8,Bay
35776,DXE,1,2025-09-01 04:00:00,2025-09-01 04:00:00,8,Island
35776,OMD,1,2025-09-01 05:23:53,2025-09-01 05:26:53,3,Bay
35776,GNC,1,2025-09-01 10:26:03,2025-09-01 10:28:03,2,Side
89109,MDV,1,2025-09-01 12:45:00,2025-09-01 12:45:00,12,Bay
95468,MDV,1,2025-09-02 20:54:03,2025-09-02 21:06:03,12,Side
75707,WHV,1,2025-09-01 09:37:21,2025-09-01 09:39:21,2,Bay
89109,WHV,1,2025-09-01 13:27:00,2025-09-01 13:32:00,5,Side
92689,TUF,1,2025-09-01 15:15:23,2025-09-01 15:33:23,18,Side
89109,TUF,2,2025-09-01 15:19:49,2025-09-01 15:31:49,12,Side
24814,TUF,1,2025-09-02 00:01:09,2025-09-02 00:13:09,12,Side
95468,TUF,1,2025-09-02 08:30:47,2025-09-02 08:42:47,12,Side
89109,RRG,1,2025-09-01 17:00:31,2025-09-01 17:12:31,12,Bay
95468,RRG,1,2025-09-02 19:16:33,2025-09-02 19:28:33,12,Island
92689,LPS,1,2025-09-01 14:20:35,2025-09-01 14:38:35,18,Island
24814,LPS,1,2025-09-01 15:32:42,2025-09-01 15:44:42,12,Bay
89109,LPS,1,2025-09-01 18:36:20,2025-09-01 18:48:20,12,Bay
95468,LPS,1,2025-09-01 22:13:59,2025-09-01 22:25:59,12,Island
10646,LPS,1,2025-09-02 07:20:55,2025-09-02 07:32:55,12,Side
97335,LPS,1,2025-09-02 08:48:38,2025-09-02 09:00:38,12,Bay
89109,QUJ,1,2025-09-01 20:32:14,2025-09-01 20:37:14,5,Side
92689,PAH,1,2025-09-01 12:57:00,2025-09-01 13:15:00,18,Island
24814,PAH,1,2025-09-01 13:37:12,2025-09-01 13:49:12,12,Bay
95468,PAH,1,2025-09-01 19:58:58,2025-09-01 20:10:58,12,Bay
89109,PAH,1,2025-09-02 00:31:28,2025-09-02 00:43:28,12,Side
97335,PAH,1,2025-09-02 17:21:52,2025-09-02 17:33:52,12,Side
89109,TDR,1,2025-09-02 03:07:52,2025-09-02 03:19:52,12,Bay
97335,TDR,1,2025-09-02 11:32:58,2025-09-02 11:44:58,12,Island
95468,TDR,1,2025-09-02 16:46:23,2025-09-02 16:58:23,12,Bay
92689,KOK,1,2025-09-01 12:30:00,2025-09-01 12:30:00,25,Bay
24814,KOK,1,2025-09-01 13:00:00,2025-09-01 13:00:00,18,Island
95468,KOK,1,2025-09-01 19:00:00,2025-09-01 19:00:00,18,Bay
28824,KOK,1,2025-09-01 20:15:00,2025-09-01 20:15:00,18,Side
45255,KOK,1,2025-09-01 22:00:00,2025-09-01 22:00:00,25,Bay
10646,KOK,1,2025-09-02 04:49:49,2025-09-02 05:07:49,18,Bay
89109,KOK,1,2025-09-02 05:46:54,2025-09-02 06:04:54,18,Bay
97335,KOK,1,2025-09-02 06:24:49,2025-09-02 06:42:49,18,Side
54413,OAR,1,2025-09-01 10:45:00,2025-09-01 10:45:00,15,Side
79972,OAR,1,2025-09-01 13:30:00,2025-09-01 13:30:00,25,Bay
10646,OAR,1,2025-09-01 18:15:00,2025-09-01 18:15:00,18,Bay
97335,OAR,1,2025-09-02 00:50:45,2025-09-02 01:08:45,18,Island
27892,OAR,1,2025-09-02 01:59:17,2025-09-02 02:14:17,15,Bay
46490,BCN,1,2025-09-01 11:59:49,2025-09-01 12:11:49,12,Bay
24814,BCN,1,2025-09-01 18:17:50,2025-09-01 18:25:50,8,Bay
95468,BCN,1,2025-09-02 01:38:57,2025-09-02 01:46:57,8,Island
79972,WTN,1,2025-09-01 20:33:48,2025-09-01 20:51:48,18,Island
24814,WTN,2,2025-09-01 20:42:51,2025-09-01 20:54:51,12,Bay
97335,WTN,1,2025-09-01 20:56:01,2025-09-01 21:08:01,12,Island
28824,WTN,1,2025-09-01 21:49:54,2025-09-01 22:01:54,12,Side
54413,WTN,1,2025-09-01 22:17:38,2025-09-01 22:27:38,10,Side
45255,WTN,1,2025-09-01 23:17:50,2025-09-01 23:35:50,18,Side
10646,WTN,2,2025-09-01 23:19:30,2025-09-01 23:31:30,12,Island
27892,WTN,3,2025-09-01 23:31:21,2025-09-01 23:41:21,10,Bay
95468,WTN,1,2025-09-02 04:47:07,2025-09-02 04:59:07,12,Island
97335,XFO,1,2025-09-01 19:05:54,2025-09-01 19:17:54,12,Side
79972,XFO,1,2025-09-01 21:52:01,2025-09-01 22:10:01,18,Bay
27892,XFO,1,2025-09-01 22:20:43,2025-09-01 22:30:43,10,Bay
28824,XFO,1,2025-09-01 23:25:07,2025-09-01 23:37:07,12,Side
45255,XFO,1,2025-09-02 00:20:30,2025-09-02 00:38:30,18,Island
10646,XFO,1,2025-09-02 01:27:28,2025-09-02 01:39:28,12,Side
24814,XFO,1,2025-09-02 03:41:03,2025-09-02 03:53:03,12,Side
95468,XFO,1,2025-09-02 12:44:12,2025-09-02 12:56:12,12,Bay
54413,XUT,1,2025-09-01 13:45:48,2025-09-01 14:00:48,15,Island
79972,XUT,1,2025-09-01 15:21:15,2025-09-01 15:46:15,25,Bay
97335,XUT,1,2025-09-01 18:15:00,2025-09-01 18:15:00,18,Bay
10646,XUT,1,2025-09-01 21:30:40,2025-09-01 21:48:40,18,Side
27892,XUT,1,2025-09-01 22:00:00,2025-09-01 22:00:00,15,Bay
45255,XUT,1,2025-09-02 01:02:10,2025-09-02 01:27:10,25,Bay
24814,XUT,1,2025-09-02 04:18:18,2025-09-02 04:36:18,18,Side
95468,XUT,1,2025-09-02 13:32:37,2025-09-02 13:50:37,18,Side
57781,PBH,1,2025-09-01 05:00:00,2025-09-01 05:00:00,5,Island
61298,PBH,1,2025-09-01 17:00:00,2025-09-01 17:00:00,5,Bay
95342,PBH,1,2025-09-01 22:30:00,2025-09-01 22:30:00,18,Island
42878,IEX,1,2025-09-01 04:15:00,2025-09-01 04:15:00,8,Island
96924,IEX,1,2025-09-01 15:30:00,2025-09-01 15:30:00,5,Island
42878,CXC,1,2025-09-01 06:03:25,2025-09-01 06:11:25,8,Side
96924,CXC,1,2025-09-01 18:13:08,2025-09-01 18:18:08,5,Bay
77961,CXC,1,2025-09-01 19:07:17,2025-09-01 19:19:17,12,Island
42878,ZPK,1,2025-09-01 07:32:42,2025-09-01 07:40:42,8,Bay
78608,ZPK,1,2025-09-01 14:30:00,2025-09-01 14:30:00,5,Side
96924,ZPK,1,2025-09-01 21:10:18,2025-09-01 21:15:18,5,Island
42878,TXJ,1,2025-09-01 08:40:34,2025-09-01 08:48:34,8,Island
78608,TXJ,1,2025-09-01 15:20:11,2025-09-01 15:25:11,5,Island
96924,TXJ,1,2025-09-01 22:45:30,2025-09-01 22:50:30,5,Side
42878,ATO,1,2025-09-01 10:08:17,2025-09-01 10:20:17,12,Side
78608,ATO,1,2025-09-01 16:57:55,2025-09-01 17:07:55,10,Island
96924,ATO,1,2025-09-02 01:14:28,2025-09-02 01:24:28,10,Side
42878,KUF,1,2025-09-01 11:32:10,2025-09-01 11:37:10,5,Island
78608,KUF,1,2025-09-01 15:57:15,2025-09-01 16:00:15,3,Island
42878,AOA,1,2025-09-01 13:14:07,2025-09-01 13:26:07,12,Bay
42878,QPZ,1,2025-09-01 17:53:26,2025-09-01 17:58:26,5,Bay
95342,QPZ,1,2025-09-02 13:18:24,2025-09-02 13:26:24,8,Bay
42878,PMW,1,2025-09-01 18:38:22,2025-09-01 18:50:22,12,Island
95342,PMW,1,2025-09-02 14:38:41,2025-09-02 14:56:41,18,Side
68215,MKT,1,2025-09-01 20:09:58,2025-09-01 20:09:58,0,Side
42878,MKT,1,2025-09-01 23:08:11,2025-09-01 23:13:11,5,Island
42878,ZOB,1,2025-09-02 00:54:41,2025-09-02 01:02:41,8,Side
75707,CES,1,2025-09-01 07:30:00,2025-09-01 07:30:00,12,Bay
23577,CES,1,2025-09-01 18:00:00,2025-09-01 18:00:00,18,Side
68215,MDS,1,2025-09-01 17:30:00,2025-09-01 17:30:00,5,Side
86644,MDS,1,2025-09-01 19:00:00,2025-09-01 19:00:00,8,Island
68215,XHL,1,2025-09-01 17:44:00,2025-09-01 17:44:00,0,Side
23577,XHL,1,2025-09-02 03:39:02,2025-09-02 03:47:02,8,Bay
68215,XGO,1,2025-09-01 18:21:45,2025-09-01 18:21:45,0,Island
86644,XGO,1,2025-09-01 19:53:06,2025-09-01 19:56:06,3,Bay
68215,MZQ,1,2025-09-01 19:13:33,2025-09-01 19:13:33,0,Side
68215,DSO,1,2025-09-01 21:48:37,2025-09-01 21:53:37,5,Side
57781,DBZ,1,2025-09-01 05:19:31,2025-09-01 05:19:31,0,Bay
95342,DBZ,1,2025-09-01 22:50:31,2025-09-01 23:02:31,12,Island
57781,RPW,1,2025-09-01 05:56:08,2025-09-01 05:56:08,0,Bay
95342,RPW,1,2025-09-01 23:52:12,2025-09-02 00:00:12,8,Side
46490,UNA,1,2025-09-01 07:31:14,2025-09-01 07:39:14,8,Bay
73142,UNA,1,2025-09-01 10:31:49,2025-09-01 10:31:49,0,Side
79972,UNA,1,2025-09-01 17:54:22,2025-09-01 18:02:22,8,Side
54413,UNA,1,2025-09-01 18:51:04,2025-09-01 18:54:04,3,Side
27405,UNA,1,2025-09-02 05:31:49,2025-09-02 05:33:49,2,Bay
97335,UNA,1,2025-09-02 22:53:24,2025-09-02 22:58:24,5,Bay
46490,VPP,1,2025-09-01 00:45:00,2025-09-01 00:45:00,25,Side
73142,VPP,1,2025-09-01 06:00:00,2025-09-01 06:00:00,8,Bay
27405,VPP,1,2025-09-01 22:15:00,2025-09-01 22:15:00,12,Bay
46490,ZAR,1,2025-09-01 02:59:17,2025-09-01 03:17:17,18,Side
73142,ZAR,1,2025-09-01 07:39:49,2025-09-01 07:44:49,5,Island
27405,ZAR,1,2025-09-02 00:55:46,2025-09-02 01:03:46,8,Island
46490,QTE,1,2025-09-01 04:46:52,2025-09-01 05:04:52,18,Island
73142,QTE,1,2025-09-01 08:47:59,2025-09-01 08:52:59,5,Side
27405,QTE,1,2025-09-02 02:56:21,2025-09-02 03:04:21,8,Side
46490,ICD,1,2025-09-01 06:47:33,2025-09-01 06:55:33,8,Bay
73142,ICD,1,2025-09-01 10:08:10,2025-09-01 10:08:10,0,Island
79972,ICD,1,2025-09-02 02:42:50,2025-09-02 02:50:50,8,Island
27405,ICD,1,2025-09-02 04:54:54,2025-09-02 04:56:54,2,Bay
75707,YGR,1,2025-09-01 08:26:18,2025-09-01 08:28:18,2,Bay
23577,YGR,1,2025-09-01 21:00:15,2025-09-01 21:05:15,5,Side
23577,ZSY,1,2025-09-01 18:38:23,2025-09-01 18:43:23,5,Side
23577,YRO,1,2025-09-01 19:42:53,2025-09-01 19:47:53,5,Side
23577,XMG,1,2025-09-01 20:08:59,2025-09-01 20:20:59,12,Bay
23577,KPU,1,2025-09-01 23:54:42,2025-09-02 00:02:42,8,Side
23577,KYI,1,2025-09-02 02:23:16,2025-09-02 02:31:16,8,Island
77961,SFZ,1,2025-09-01 13:30:00,2025-09-01 13:30:00,25,Island
95342,SFZ,1,2025-09-02 09:00:49,2025-09-02 09:25:49,25,Side
77961,PWY,1,2025-09-01 15:36:48,2025-09-01 15:54:48,18,Island
95342,PWY,1,2025-09-02 06:11:24,2025-09-02 06:29:24,18,Bay
